features_str,label
"[67.0,63.42,3982.22,0.0,0.0,1.0,0.0,1.0]",0.0
"[71.0,35.21,2475.32,0.0,0.0,0.0,1.0,1.0]",0.0
"(8,[0,1,2,7],[35.0,90.95,3476.06,1.0])",0.0
"[30.0,29.31,944.65,1.0,1.0,1.0,0.0,1.0]",0.0
"[3.0,63.36,208.75,0.0,1.0,0.0,1.0,1.0]",0.0
"[12.0,82.09,896.26,0.0,1.0,0.0,1.0,1.0]",0.0
"[44.0,63.37,2505.76,0.0,1.0,1.0,0.0,1.0]",0.0
"(8,[0,1,2,5],[16.0,37.61,639.28,1.0])",1.0
"[5.0,77.51,370.48,1.0,0.0,0.0,1.0,0.0]",1.0
"[28.0,27.37,626.95,1.0,0.0,0.0,0.0,1.0]",0.0
"[46.0,66.39,3395.31,1.0,0.0,0.0,1.0,0.0]",1.0
"[39.0,54.59,1974.57,1.0,1.0,0.0,1.0,1.0]",0.0
"[39.0,42.61,1466.11,1.0,1.0,1.0,0.0,1.0]",0.0
"[10.0,62.95,531.77,1.0,0.0,1.0,0.0,1.0]",0.0
"[8.0,72.2,600.23,1.0,1.0,1.0,0.0,1.0]",0.0
"[1.0,103.47,95.91,1.0,1.0,0.0,1.0,1.0]",0.0
"[65.0,72.16,4521.54,0.0,0.0,0.0,1.0,1.0]",0.0
"[18.0,24.74,556.89,0.0,1.0,0.0,1.0,0.0]",1.0
"(8,[0,1,2,5],[6.0,75.02,460.18,1.0])",1.0
"(8,[0,1,2,7],[22.0,75.05,1710.53,1.0])",0.0
"[44.0,22.37,595.88,1.0,0.0,1.0,0.0,1.0]",0.0
"[12.0,35.53,321.06,0.0,0.0,0.0,1.0,1.0]",0.0
"[63.0,49.93,0.0,1.0,1.0,0.0,0.0,1.0]",0.0
"(8,[0,1,4,5],[8.0,96.77,1.0,1.0])",1.0
"[5.0,82.39,425.05,0.0,1.0,0.0,0.0,1.0]",0.0
"[60.0,91.27,5765.29,1.0,0.0,1.0,0.0,1.0]",0.0
"[59.0,92.1,5695.19,0.0,0.0,1.0,0.0,1.0]",0.0
"[30.0,36.26,1129.98,1.0,0.0,1.0,0.0,1.0]",0.0
"[67.0,79.84,4717.48,0.0,1.0,0.0,1.0,0.0]",1.0
"[4.0,96.49,378.19,0.0,0.0,1.0,0.0,1.0]",0.0
"[59.0,95.42,5907.27,0.0,0.0,1.0,0.0,1.0]",0.0
"[5.0,91.51,501.41,1.0,1.0,0.0,1.0,1.0]",0.0
"(8,[0,1,7],[52.0,63.73,1.0])",0.0
"[31.0,66.71,1935.96,1.0,0.0,1.0,0.0,1.0]",0.0
"[14.0,39.13,654.43,1.0,0.0,1.0,0.0,1.0]",0.0
"(8,[0,1,2,3],[5.0,95.08,477.37,1.0])",1.0
"[38.0,66.26,2590.29,1.0,1.0,0.0,1.0,0.0]",1.0
"[7.0,92.43,607.99,1.0,1.0,0.0,1.0,0.0]",1.0
"[26.0,80.52,2311.34,1.0,1.0,1.0,0.0,1.0]",0.0
"[72.0,69.47,4595.04,0.0,1.0,1.0,0.0,1.0]",0.0
"[10.0,63.73,672.84,1.0,0.0,1.0,0.0,1.0]",0.0
"[48.0,58.95,2966.77,0.0,1.0,0.0,1.0,1.0]",0.0
"[63.0,50.95,2904.69,0.0,0.0,1.0,0.0,1.0]",0.0
"[11.0,107.21,1150.55,0.0,1.0,1.0,0.0,0.0]",1.0
"[53.0,23.65,1746.71,0.0,0.0,1.0,0.0,1.0]",0.0
"[1.0,105.2,102.54,0.0,1.0,1.0,0.0,0.0]",1.0
"(8,[0,1,2,6],[4.0,106.42,438.9,1.0])",1.0
"[27.0,20.63,750.79,0.0,1.0,1.0,0.0,1.0]",0.0
"[9.0,66.56,625.4,0.0,0.0,1.0,0.0,1.0]",0.0
"[43.0,34.86,1332.03,0.0,1.0,0.0,1.0,0.0]",1.0
"[55.0,88.28,5043.31,0.0,0.0,1.0,0.0,1.0]",0.0
"[11.0,88.65,936.06,1.0,0.0,0.0,1.0,1.0]",0.0
"[14.0,92.57,1387.23,0.0,0.0,1.0,0.0,1.0]",0.0
"[3.0,96.13,273.7,1.0,1.0,0.0,1.0,0.0]",1.0
"[16.0,52.81,1000.33,1.0,0.0,0.0,1.0,0.0]",1.0
"[44.0,33.42,1231.77,0.0,1.0,1.0,0.0,1.0]",0.0
"[67.0,62.31,3579.58,1.0,0.0,0.0,0.0,1.0]",0.0
"[6.0,99.92,550.35,1.0,1.0,0.0,0.0,0.0]",1.0
"[57.0,32.32,1998.2,0.0,1.0,1.0,0.0,1.0]",0.0
"[2.0,91.13,192.87,1.0,1.0,0.0,1.0,0.0]",1.0
"[3.0,86.0,282.41,1.0,0.0,0.0,1.0,1.0]",0.0
"[39.0,41.69,1961.22,1.0,1.0,0.0,0.0,1.0]",0.0
"[2.0,70.18,124.3,1.0,1.0,1.0,0.0,0.0]",1.0
"[15.0,37.1,699.03,1.0,1.0,0.0,1.0,1.0]",0.0
"(8,[0,1,2],[3.0,108.54,306.3])",1.0
"[32.0,61.23,2061.69,0.0,1.0,0.0,0.0,1.0]",0.0
"[0.0,103.26,0.0,1.0,1.0,0.0,1.0,1.0]",0.0
"[56.0,65.58,4138.34,1.0,0.0,1.0,0.0,1.0]",0.0
"[7.0,88.67,653.31,0.0,1.0,1.0,0.0,1.0]",0.0
"[36.0,33.12,1052.87,1.0,0.0,1.0,0.0,1.0]",0.0
"(8,[0,1,2,6],[4.0,93.63,384.35,1.0])",1.0
"[67.0,37.36,2229.22,0.0,1.0,0.0,1.0,1.0]",0.0
"[12.0,98.49,1192.53,1.0,1.0,0.0,0.0,1.0]",0.0
"[9.0,101.45,869.89,1.0,1.0,0.0,0.0,1.0]",0.0
"(8,[0,1,2,5],[10.0,83.07,850.51,1.0])",1.0
"[6.0,100.64,589.37,1.0,1.0,1.0,0.0,1.0]",0.0
"[5.0,74.57,351.67,0.0,0.0,1.0,0.0,1.0]",0.0
"[11.0,92.42,1099.06,1.0,1.0,1.0,0.0,1.0]",0.0
"[14.0,39.14,660.13,1.0,1.0,1.0,0.0,1.0]",0.0
"[11.0,101.07,1083.64,1.0,0.0,0.0,1.0,0.0]",1.0
"[36.0,99.05,0.0,1.0,1.0,1.0,0.0,1.0]",0.0
"[52.0,27.51,1049.03,1.0,0.0,0.0,1.0,1.0]",0.0
"[53.0,46.28,2500.93,1.0,1.0,0.0,1.0,0.0]",1.0
"[27.0,52.09,1240.59,1.0,0.0,0.0,1.0,1.0]",0.0
"[26.0,44.77,1252.82,1.0,1.0,0.0,1.0,0.0]",1.0
"[5.0,88.45,462.22,1.0,1.0,1.0,0.0,0.0]",1.0
"(8,[0,1,2,6],[26.0,63.54,1629.06,1.0])",1.0
"[18.0,23.74,579.16,0.0,0.0,1.0,0.0,1.0]",0.0
"[61.0,89.07,4901.73,0.0,0.0,0.0,1.0,1.0]",0.0
"[53.0,60.36,2777.72,0.0,0.0,1.0,0.0,1.0]",0.0
"[8.0,94.07,678.46,1.0,0.0,1.0,0.0,1.0]",0.0
"[33.0,73.94,2456.92,1.0,0.0,1.0,0.0,1.0]",0.0
"[3.0,84.72,0.0,1.0,1.0,1.0,0.0,0.0]",1.0
"[59.0,43.26,3047.58,0.0,1.0,0.0,1.0,1.0]",0.0
"[13.0,43.0,445.44,0.0,1.0,0.0,1.0,1.0]",0.0
"[8.0,73.03,658.82,1.0,1.0,1.0,0.0,0.0]",1.0
"[15.0,69.95,1184.75,1.0,1.0,0.0,1.0,1.0]",0.0
"[11.0,96.22,1071.78,1.0,0.0,1.0,0.0,0.0]",1.0
"(8,[1,3,5],[101.66,1.0,1.0])",1.0
"(8,[0,1,2,6],[24.0,57.24,1335.45,1.0])",1.0
"[19.0,98.53,2021.52,1.0,0.0,1.0,0.0,0.0]",1.0
"[70.0,45.67,0.0,1.0,0.0,1.0,0.0,1.0]",0.0
"(8,[0,1,2,6],[37.0,61.79,2232.35,1.0])",1.0
"[0.0,81.22,0.0,1.0,1.0,1.0,0.0,1.0]",0.0
"(8,[0,1,2,6],[15.0,97.83,1437.71,1.0])",1.0
"[15.0,98.19,1517.65,0.0,0.0,1.0,0.0,1.0]",0.0
"[43.0,48.04,2254.47,0.0,1.0,1.0,0.0,1.0]",0.0
"[4.0,96.95,371.63,0.0,1.0,1.0,0.0,0.0]",1.0
"[21.0,85.31,1628.98,0.0,1.0,1.0,0.0,1.0]",0.0
"(8,[1,6],[84.78,1.0])",1.0
"[6.0,108.13,588.82,0.0,1.0,1.0,0.0,1.0]",0.0
"[5.0,106.83,564.24,0.0,1.0,0.0,1.0,0.0]",1.0
"[2.0,104.49,220.28,1.0,1.0,1.0,0.0,0.0]",1.0
"[38.0,54.91,2037.08,1.0,0.0,1.0,0.0,1.0]",0.0
"(8,[0,1,2,7],[51.0,91.4,4613.04,1.0])",0.0
"[52.0,39.85,2418.35,1.0,0.0,1.0,0.0,1.0]",0.0
"[2.0,74.05,154.84,1.0,1.0,1.0,0.0,0.0]",1.0
"[58.0,51.74,3238.43,0.0,1.0,0.0,1.0,0.0]",1.0
"[65.0,28.01,1801.64,0.0,0.0,1.0,0.0,1.0]",0.0
"[45.0,34.29,1898.39,1.0,1.0,1.0,0.0,1.0]",0.0
"[46.0,31.06,1296.2,0.0,1.0,0.0,1.0,1.0]",0.0
"[44.0,57.64,2826.66,1.0,0.0,1.0,0.0,1.0]",0.0
"[51.0,40.46,1877.33,1.0,1.0,0.0,0.0,1.0]",0.0
"[21.0,81.97,1819.54,0.0,1.0,0.0,1.0,1.0]",0.0
"[12.0,97.3,1101.07,1.0,0.0,0.0,1.0,1.0]",0.0
"[14.0,28.52,466.85,1.0,0.0,1.0,0.0,1.0]",0.0
"[3.0,108.76,349.71,1.0,1.0,0.0,1.0,0.0]",1.0
"[40.0,39.74,1271.78,1.0,0.0,1.0,0.0,1.0]",0.0
"[22.0,36.29,715.38,1.0,1.0,1.0,0.0,1.0]",0.0
"[52.0,56.45,3333.59,1.0,1.0,1.0,0.0,1.0]",0.0
"[65.0,21.84,1369.32,0.0,0.0,0.0,1.0,1.0]",0.0
"[54.0,40.56,2233.72,1.0,0.0,1.0,0.0,0.0]",1.0
"(8,[0,1,2,4],[42.0,63.95,2741.52,1.0])",1.0
"[9.0,93.79,888.6,1.0,1.0,1.0,0.0,0.0]",1.0
"[65.0,55.26,3287.85,1.0,0.0,1.0,0.0,1.0]",0.0
"(8,[0,1,2,6],[70.0,70.84,5484.37,1.0])",1.0
"[55.0,61.85,3194.6,0.0,0.0,1.0,0.0,1.0]",0.0
"[64.0,27.92,1798.14,1.0,0.0,0.0,1.0,1.0]",0.0
"[12.0,99.85,1160.4,0.0,0.0,0.0,1.0,1.0]",0.0
"[12.0,57.04,791.72,1.0,0.0,1.0,0.0,1.0]",0.0
"(8,[0,1,2,5],[3.0,72.72,246.68,1.0])",1.0
"[2.0,84.4,160.3,1.0,0.0,1.0,0.0,1.0]",0.0
"[39.0,30.84,1046.73,0.0,1.0,0.0,1.0,0.0]",1.0
"[32.0,46.47,1229.73,1.0,0.0,1.0,0.0,1.0]",0.0
"[44.0,37.9,1312.35,1.0,0.0,0.0,1.0,0.0]",1.0
"[63.0,86.31,5434.6,1.0,0.0,1.0,0.0,1.0]",0.0
"[35.0,40.01,1497.52,0.0,1.0,0.0,1.0,1.0]",0.0
"[63.0,45.89,2699.11,0.0,0.0,1.0,0.0,1.0]",0.0
"[18.0,90.93,1635.8,0.0,1.0,0.0,1.0,0.0]",1.0
"[8.0,62.99,443.4,0.0,0.0,1.0,0.0,1.0]",0.0
"[26.0,95.37,2735.55,0.0,0.0,0.0,1.0,1.0]",0.0
"[42.0,42.19,1704.12,1.0,1.0,0.0,0.0,1.0]",0.0
"[22.0,28.34,589.48,0.0,1.0,0.0,1.0,1.0]",0.0
"[10.0,99.34,962.01,0.0,1.0,1.0,0.0,1.0]",0.0
"[55.0,45.19,2332.25,1.0,1.0,0.0,0.0,1.0]",0.0
"[16.0,62.09,850.67,1.0,1.0,1.0,0.0,1.0]",0.0
"[4.0,89.03,376.69,0.0,0.0,0.0,1.0,1.0]",0.0
"(8,[0,1,2,4],[69.0,65.07,3886.37,1.0])",1.0
"[46.0,35.41,1463.52,0.0,0.0,1.0,0.0,1.0]",0.0
"[8.0,75.74,647.67,0.0,1.0,1.0,0.0,0.0]",1.0
"[50.0,44.67,1993.21,0.0,0.0,1.0,0.0,1.0]",0.0
"[12.0,40.42,498.61,1.0,1.0,1.0,0.0,1.0]",0.0
"[39.0,20.79,572.59,0.0,0.0,1.0,0.0,1.0]",0.0
"[22.0,80.54,1657.56,1.0,0.0,0.0,0.0,1.0]",0.0
"[14.0,47.37,799.55,1.0,0.0,1.0,0.0,1.0]",0.0
"(8,[0,1,2,5],[7.0,94.59,669.55,1.0])",1.0
"[4.0,109.26,420.99,0.0,1.0,1.0,0.0,1.0]",0.0
"[70.0,93.78,7011.62,1.0,0.0,1.0,0.0,1.0]",0.0
"[67.0,61.79,4163.73,0.0,0.0,0.0,1.0,1.0]",0.0
"[12.0,51.48,553.15,1.0,1.0,0.0,0.0,1.0]",0.0
"[49.0,84.46,4512.8,1.0,1.0,0.0,1.0,1.0]",0.0
"[11.0,73.56,826.38,1.0,1.0,1.0,0.0,1.0]",0.0
"(8,[0,1,2,6],[8.0,108.55,823.84,1.0])",1.0
"[9.0,84.19,723.53,1.0,0.0,1.0,0.0,0.0]",1.0
"[31.0,29.64,1016.91,0.0,1.0,1.0,0.0,1.0]",0.0
"[45.0,46.56,2358.42,1.0,1.0,0.0,1.0,0.0]",1.0
"[5.0,84.59,389.37,1.0,0.0,1.0,0.0,1.0]",0.0
"[64.0,37.18,1751.45,1.0,1.0,0.0,1.0,0.0]",1.0
"[37.0,47.35,1773.12,0.0,0.0,0.0,1.0,1.0]",0.0
"[21.0,23.88,525.27,1.0,1.0,0.0,1.0,1.0]",0.0
"(8,[0,1,2],[2.0,104.22,193.84])",1.0
"[9.0,68.44,646.52,1.0,0.0,0.0,1.0,1.0]",0.0
"[10.0,84.02,879.51,1.0,0.0,0.0,1.0,0.0]",1.0
"[38.0,58.2,2423.72,1.0,1.0,0.0,1.0,1.0]",0.0
"[1.0,80.23,0.0,1.0,1.0,1.0,0.0,1.0]",0.0
"[23.0,90.76,2260.62,1.0,0.0,0.0,1.0,1.0]",0.0
"[70.0,78.56,5098.88,0.0,1.0,1.0,0.0,1.0]",0.0
"[62.0,45.58,2904.81,0.0,0.0,0.0,1.0,1.0]",0.0
"(8,[0,1,3,5],[3.0,93.93,1.0,1.0])",1.0
"[29.0,23.42,560.01,1.0,0.0,1.0,0.0,1.0]",0.0
"[8.0,99.97,842.36,0.0,0.0,0.0,1.0,1.0]",0.0
"[57.0,27.09,1509.14,1.0,1.0,0.0,1.0,1.0]",0.0
"[11.0,73.38,779.37,0.0,1.0,0.0,1.0,1.0]",0.0
"(8,[0,1,3,6],[40.0,22.44,1.0,1.0])",1.0
"[1.0,89.86,89.54,1.0,0.0,0.0,1.0,1.0]",0.0
"(8,[0,1,6,7],[15.0,51.44,1.0,1.0])",0.0
"[38.0,92.02,3488.15,1.0,0.0,0.0,0.0,1.0]",0.0
"[10.0,86.38,876.88,1.0,1.0,0.0,1.0,0.0]",1.0
"[47.0,82.13,3535.73,1.0,0.0,0.0,1.0,1.0]",0.0
"[58.0,53.82,3297.19,0.0,1.0,1.0,0.0,1.0]",0.0
"[46.0,68.28,2714.27,0.0,1.0,0.0,1.0,0.0]",1.0
"[59.0,72.22,4430.48,1.0,1.0,0.0,1.0,1.0]",0.0
"[71.0,57.38,4715.94,1.0,0.0,1.0,0.0,1.0]",0.0
"[72.0,46.33,3323.16,1.0,1.0,1.0,0.0,1.0]",0.0
"[10.0,78.86,770.55,0.0,1.0,0.0,1.0,0.0]",1.0
"(8,[0,1,2,7],[57.0,49.72,2662.68,1.0])",0.0
"[3.0,70.44,189.7,1.0,0.0,0.0,1.0,0.0]",1.0
"[33.0,82.89,2926.8,1.0,0.0,0.0,1.0,1.0]",0.0
"[31.0,47.14,1214.63,0.0,0.0,1.0,0.0,1.0]",0.0
"[60.0,28.4,2297.09,1.0,0.0,0.0,0.0,1.0]",0.0
"[15.0,84.05,1204.33,0.0,1.0,0.0,0.0,1.0]",0.0
"[25.0,28.18,718.67,1.0,1.0,1.0,0.0,1.0]",0.0
"[24.0,71.76,1836.51,1.0,1.0,1.0,0.0,1.0]",0.0
"[11.0,84.94,850.29,0.0,0.0,1.0,0.0,1.0]",0.0
"[16.0,70.56,1018.2,1.0,1.0,0.0,1.0,1.0]",0.0
"[8.0,68.2,615.65,0.0,1.0,0.0,1.0,0.0]",1.0
"(8,[0,1,4,7],[65.0,66.41,1.0,1.0])",0.0
"[50.0,70.61,3771.47,0.0,1.0,0.0,1.0,1.0]",0.0
"[19.0,37.2,541.56,1.0,0.0,0.0,0.0,1.0]",0.0
"[70.0,47.57,0.0,1.0,1.0,1.0,0.0,1.0]",0.0
"[39.0,88.98,3521.38,1.0,1.0,0.0,1.0,1.0]",0.0
"[7.0,85.73,642.48,1.0,1.0,0.0,0.0,0.0]",1.0
"[33.0,37.49,1325.17,1.0,0.0,0.0,1.0,1.0]",0.0
"[10.0,98.39,948.72,0.0,1.0,1.0,0.0,1.0]",0.0
"(8,[0,1,2,5],[5.0,74.95,389.22,1.0])",1.0
"[56.0,60.71,3077.2,1.0,1.0,1.0,0.0,1.0]",0.0
"[67.0,82.91,5460.34,0.0,1.0,0.0,1.0,1.0]",0.0
"[12.0,77.22,902.11,1.0,1.0,1.0,0.0,1.0]",0.0
"[23.0,76.03,1962.05,0.0,0.0,1.0,0.0,1.0]",0.0
"[70.0,91.5,6076.32,1.0,1.0,0.0,1.0,0.0]",1.0
"(8,[0,1,2,6],[9.0,97.69,833.53,1.0])",1.0
"[63.0,55.66,3689.3,0.0,1.0,0.0,1.0,1.0]",0.0
"[2.0,77.79,171.27,1.0,0.0,0.0,1.0,1.0]",0.0
"(8,[1,4,5,7],[103.91,1.0,1.0,1.0])",0.0
"(8,[0,1,2,6],[45.0,82.75,3937.83,1.0])",1.0
"[65.0,53.37,3655.9,0.0,0.0,1.0,0.0,1.0]",0.0
"[4.0,96.03,412.67,1.0,1.0,0.0,1.0,1.0]",0.0
"[17.0,58.4,946.05,0.0,0.0,1.0,0.0,1.0]",0.0
"(8,[0,1,4],[8.0,85.25,1.0])",1.0
"[24.0,93.35,2090.68,0.0,1.0,0.0,1.0,0.0]",1.0
"(8,[0,1,4,6],[1.0,106.0,1.0,1.0])",1.0
"[48.0,58.53,2618.11,1.0,1.0,0.0,0.0,1.0]",0.0
"[21.0,25.57,696.13,0.0,0.0,0.0,1.0,1.0]",0.0
"[63.0,28.57,1532.25,0.0,0.0,0.0,1.0,1.0]",0.0
"[41.0,52.08,2099.6,0.0,1.0,0.0,1.0,1.0]",0.0
"[13.0,98.08,1288.88,0.0,0.0,0.0,1.0,1.0]",0.0
"[24.0,22.96,676.73,1.0,1.0,1.0,0.0,1.0]",0.0
"[7.0,78.81,533.31,1.0,1.0,0.0,1.0,1.0]",0.0
"(8,[0,1,4,7],[18.0,86.78,1.0,1.0])",0.0
"[15.0,80.84,1318.12,1.0,0.0,1.0,0.0,1.0]",0.0
"[58.0,61.31,2991.65,0.0,0.0,1.0,0.0,1.0]",0.0
"[33.0,63.85,2252.69,0.0,1.0,0.0,1.0,1.0]",0.0
"(8,[0,1,2,6],[44.0,53.01,1939.06,1.0])",1.0
"[42.0,70.86,3316.55,1.0,1.0,0.0,1.0,0.0]",1.0
"[21.0,40.47,640.88,1.0,1.0,1.0,0.0,1.0]",0.0
"[64.0,41.35,2848.98,0.0,0.0,1.0,0.0,1.0]",0.0
"(8,[0,1,2,7],[11.0,66.74,703.92,1.0])",0.0
"[22.0,87.51,1925.9,1.0,1.0,1.0,0.0,1.0]",0.0
"[37.0,53.7,2061.7,0.0,0.0,1.0,0.0,1.0]",0.0
"[12.0,45.21,615.69,1.0,1.0,0.0,0.0,1.0]",0.0
"[27.0,86.88,2595.39,0.0,0.0,1.0,0.0,1.0]",0.0
"[1.0,84.23,90.46,1.0,0.0,0.0,1.0,0.0]",1.0
"[51.0,42.77,2024.92,1.0,1.0,1.0,0.0,1.0]",0.0
"[6.0,77.46,452.61,0.0,0.0,0.0,1.0,1.0]",0.0
"(8,[0,1,2,7],[36.0,69.99,2316.31,1.0])",0.0
"[31.0,77.85,2109.2,1.0,0.0,1.0,0.0,1.0]",0.0
"[61.0,51.89,3723.4,0.0,1.0,1.0,0.0,1.0]",0.0
"[61.0,85.55,5163.64,0.0,0.0,1.0,0.0,1.0]",0.0
"[33.0,97.21,2892.09,1.0,1.0,0.0,1.0,1.0]",0.0
"[48.0,96.88,4850.13,1.0,0.0,0.0,0.0,1.0]",0.0
"[8.0,71.47,550.78,1.0,1.0,0.0,0.0,0.0]",1.0
"[11.0,66.57,755.0,0.0,0.0,1.0,0.0,1.0]",0.0
"[6.0,70.61,380.93,0.0,1.0,1.0,0.0,0.0]",1.0
"[69.0,41.9,2479.71,0.0,0.0,1.0,0.0,1.0]",0.0
"[30.0,22.19,581.93,1.0,0.0,1.0,0.0,1.0]",0.0
"[24.0,72.08,1863.86,0.0,1.0,1.0,0.0,1.0]",0.0
"[49.0,33.75,1666.79,1.0,0.0,0.0,0.0,1.0]",0.0
"[51.0,87.34,4420.99,0.0,0.0,1.0,0.0,1.0]",0.0
"[5.0,96.37,434.63,1.0,1.0,0.0,1.0,0.0]",1.0
"(8,[1,3,4,6],[85.84,1.0,1.0,1.0])",1.0
"(8,[1,3,7],[93.41,1.0,1.0])",0.0
"[40.0,39.0,1640.26,1.0,0.0,1.0,0.0,1.0]",0.0
"[22.0,59.44,1224.73,1.0,1.0,1.0,0.0,1.0]",0.0
"(8,[0,1,5,7],[2.0,108.58,1.0,1.0])",0.0
"(8,[1,3,4,7],[66.23,1.0,1.0,1.0])",0.0
"[48.0,84.74,3800.1,0.0,1.0,0.0,1.0,1.0]",0.0
"(8,[0,1,7],[35.0,40.74,1.0])",0.0
"[32.0,45.08,0.0,1.0,0.0,1.0,0.0,1.0]",0.0
"(8,[0,1,2,4],[10.0,94.32,875.92,1.0])",1.0
"[12.0,38.1,527.75,1.0,0.0,0.0,1.0,1.0]",0.0
"[59.0,55.65,2967.63,0.0,1.0,1.0,0.0,1.0]",0.0
"[5.0,90.84,404.95,1.0,1.0,1.0,0.0,1.0]",0.0
"(8,[0,1,2,3],[2.0,101.3,183.21,1.0])",1.0
"[39.0,69.65,2559.11,1.0,1.0,1.0,0.0,1.0]",0.0
"(8,[1,7],[84.08,1.0])",0.0
"[36.0,69.61,2771.58,1.0,1.0,0.0,1.0,0.0]",1.0
"[40.0,57.76,2401.91,0.0,1.0,0.0,1.0,1.0]",0.0
"[11.0,98.8,1020.61,0.0,1.0,0.0,0.0,1.0]",0.0
"[12.0,72.92,795.14,1.0,1.0,1.0,0.0,1.0]",0.0
"[52.0,24.57,991.81,1.0,1.0,1.0,0.0,1.0]",0.0
"[9.0,67.1,599.23,0.0,1.0,1.0,0.0,1.0]",0.0
"[5.0,105.62,518.08,0.0,1.0,0.0,1.0,0.0]",1.0
"(8,[0,1,4,6],[70.0,71.49,1.0,1.0])",1.0
"[1.0,100.12,108.57,0.0,1.0,0.0,1.0,1.0]",0.0
"[62.0,49.64,3060.53,1.0,1.0,0.0,0.0,1.0]",0.0
"(8,[0,1,2,7],[14.0,76.81,1061.35,1.0])",0.0
"[7.0,93.23,686.11,0.0,0.0,0.0,1.0,1.0]",0.0
"[66.0,63.44,4371.55,0.0,1.0,1.0,0.0,1.0]",0.0
"[9.0,68.8,563.08,0.0,1.0,1.0,0.0,1.0]",0.0
"[12.0,82.67,966.34,1.0,1.0,1.0,0.0,1.0]",0.0
"[5.0,66.7,322.83,0.0,1.0,1.0,0.0,1.0]",0.0
"[4.0,67.92,260.47,1.0,0.0,0.0,1.0,1.0]",0.0
"[28.0,77.87,0.0,1.0,1.0,1.0,0.0,1.0]",0.0
"[1.0,93.91,103.81,1.0,0.0,1.0,0.0,0.0]",1.0
"(8,[1,4,6],[104.87,1.0,1.0])",1.0
"(8,[1,3,4,5],[99.87,1.0,1.0,1.0])",1.0
"[71.0,48.39,3873.86,0.0,1.0,1.0,0.0,1.0]",0.0
"[1.0,104.83,112.2,1.0,1.0,0.0,1.0,0.0]",1.0
"[14.0,27.4,515.39,1.0,1.0,0.0,1.0,1.0]",0.0
"[36.0,46.76,1585.86,0.0,0.0,1.0,0.0,1.0]",0.0
"[30.0,36.62,892.92,0.0,1.0,1.0,0.0,1.0]",0.0
"[61.0,35.15,1670.75,0.0,0.0,1.0,0.0,1.0]",0.0
"[28.0,29.35,708.88,1.0,1.0,0.0,1.0,1.0]",0.0
"(8,[0,1,2,7],[54.0,36.66,2237.93,1.0])",0.0
"[42.0,61.01,2616.91,1.0,0.0,0.0,1.0,0.0]",1.0
"[33.0,31.66,1131.21,0.0,1.0,1.0,0.0,1.0]",0.0
"[6.0,90.5,576.87,1.0,1.0,1.0,0.0,0.0]",1.0
"[31.0,44.84,1112.45,1.0,1.0,1.0,0.0,1.0]",0.0
"[3.0,88.63,276.42,0.0,1.0,0.0,0.0,1.0]",0.0
"(8,[0,1,6,7],[70.0,74.7,1.0,1.0])",0.0
"[62.0,40.22,2265.2,1.0,1.0,1.0,0.0,1.0]",0.0
"[42.0,60.18,2339.41,0.0,1.0,0.0,0.0,1.0]",0.0
"[19.0,25.85,515.12,1.0,0.0,1.0,0.0,1.0]",0.0
"[30.0,54.91,1883.13,0.0,1.0,0.0,0.0,1.0]",0.0
"[9.0,90.0,820.14,0.0,1.0,1.0,0.0,1.0]",0.0
"[2.0,83.66,155.68,0.0,1.0,1.0,0.0,0.0]",1.0
"[10.0,99.0,928.75,1.0,1.0,0.0,0.0,0.0]",1.0
"[69.0,86.03,6356.63,1.0,1.0,0.0,1.0,0.0]",1.0
"(8,[0,1,2,5],[11.0,96.78,1083.24,1.0])",1.0
"[49.0,73.58,3417.1,1.0,1.0,0.0,1.0,1.0]",0.0
"[71.0,24.1,1605.05,0.0,1.0,0.0,1.0,0.0]",1.0
"[16.0,50.4,957.66,1.0,1.0,0.0,1.0,0.0]",1.0
"[20.0,34.56,579.13,0.0,1.0,0.0,1.0,1.0]",0.0
"[24.0,73.37,1539.51,1.0,1.0,1.0,0.0,1.0]",0.0
"[10.0,70.05,697.43,0.0,1.0,1.0,0.0,0.0]",1.0
"(8,[0,1,6,7],[40.0,39.08,1.0,1.0])",0.0
"[49.0,63.17,2952.83,1.0,1.0,0.0,1.0,0.0]",1.0
"(8,[0,1,2,7],[51.0,30.46,1142.14,1.0])",0.0
"(8,[0,1,2],[7.0,78.87,512.85])",1.0
"[68.0,68.51,4664.36,0.0,1.0,0.0,1.0,1.0]",0.0
"(8,[0,1,2,7],[52.0,34.2,2100.04,1.0])",0.0
"[2.0,64.65,129.54,0.0,1.0,1.0,0.0,1.0]",0.0
"[61.0,56.9,3154.08,0.0,0.0,1.0,0.0,1.0]",0.0
"[5.0,91.05,484.12,0.0,1.0,1.0,0.0,0.0]",1.0
"[37.0,70.55,0.0,0.0,1.0,1.0,0.0,1.0]",0.0
"[69.0,28.13,2561.7,0.0,0.0,0.0,1.0,1.0]",0.0
"(8,[0,1,2,7],[47.0,33.57,1361.7,1.0])",0.0
"[66.0,60.06,3993.64,1.0,1.0,1.0,0.0,1.0]",0.0
"[36.0,51.45,1928.03,1.0,0.0,1.0,0.0,1.0]",0.0
"[71.0,81.16,5762.09,1.0,0.0,0.0,1.0,1.0]",0.0
"[55.0,36.94,2164.56,0.0,0.0,0.0,1.0,1.0]",0.0
"[25.0,68.74,1827.49,1.0,1.0,0.0,0.0,1.0]",0.0
"[38.0,77.97,2721.65,1.0,0.0,0.0,1.0,0.0]",1.0
"[28.0,24.62,645.43,0.0,1.0,1.0,0.0,1.0]",0.0
"[12.0,63.17,712.5,1.0,0.0,0.0,0.0,1.0]",0.0
"[3.0,92.05,289.08,1.0,0.0,1.0,0.0,0.0]",1.0
"(8,[0,1,2,6],[44.0,44.94,1669.52,1.0])",1.0
"[12.0,81.34,936.98,1.0,1.0,1.0,0.0,1.0]",0.0
"[41.0,68.31,2801.77,1.0,0.0,1.0,0.0,1.0]",0.0
"[42.0,33.26,1216.63,0.0,1.0,1.0,0.0,1.0]",0.0
"(8,[0,1,2,7],[61.0,48.31,2911.36,1.0])",0.0
"[31.0,58.6,1605.65,0.0,0.0,1.0,0.0,1.0]",0.0
"[29.0,58.08,1561.0,0.0,1.0,0.0,0.0,1.0]",0.0
"[1.0,108.35,100.59,1.0,0.0,0.0,1.0,1.0]",0.0
"[5.0,100.11,545.41,1.0,0.0,0.0,0.0,1.0]",0.0
"[38.0,27.11,1035.44,1.0,1.0,1.0,0.0,1.0]",0.0
"[9.0,107.82,935.43,0.0,1.0,0.0,1.0,1.0]",0.0
"[70.0,63.79,4841.12,1.0,1.0,1.0,0.0,0.0]",1.0
"[47.0,35.81,1838.94,0.0,0.0,1.0,0.0,1.0]",0.0
"[7.0,86.34,0.0,1.0,1.0,1.0,0.0,0.0]",1.0
"(8,[0,1,2,6],[53.0,79.32,3836.78,1.0])",1.0
"[40.0,70.4,2607.52,0.0,0.0,0.0,1.0,1.0]",0.0
"[2.0,108.26,206.88,1.0,1.0,1.0,0.0,0.0]",1.0
"[15.0,27.77,391.89,1.0,0.0,0.0,1.0,1.0]",0.0
"[70.0,93.73,6143.79,1.0,0.0,1.0,0.0,1.0]",0.0
"[2.0,94.88,199.79,1.0,0.0,1.0,0.0,1.0]",0.0
"[19.0,74.54,1252.17,1.0,0.0,0.0,1.0,0.0]",1.0
"[70.0,71.54,4798.26,1.0,1.0,0.0,1.0,0.0]",1.0
"[12.0,49.85,486.0,0.0,0.0,0.0,1.0,1.0]",0.0
"[1.0,69.45,75.23,1.0,0.0,1.0,0.0,1.0]",0.0
"[59.0,24.09,1327.83,1.0,1.0,0.0,1.0,1.0]",0.0
"[61.0,70.53,4327.93,1.0,0.0,1.0,0.0,1.0]",0.0
"[10.0,82.8,828.77,1.0,0.0,0.0,1.0,0.0]",1.0
"[5.0,98.69,520.11,0.0,1.0,1.0,0.0,0.0]",1.0
"[27.0,74.16,1819.45,0.0,0.0,0.0,1.0,1.0]",0.0
"[5.0,80.92,423.14,1.0,0.0,0.0,1.0,0.0]",1.0
"[69.0,72.81,5288.5,1.0,1.0,1.0,0.0,1.0]",0.0
"[37.0,78.45,2837.25,1.0,1.0,1.0,0.0,1.0]",0.0
"[46.0,69.24,3583.4,1.0,1.0,0.0,1.0,1.0]",0.0
"[17.0,50.7,768.04,0.0,0.0,0.0,1.0,1.0]",0.0
"[69.0,28.65,1824.91,0.0,1.0,1.0,0.0,1.0]",0.0
"[13.0,67.21,942.51,0.0,1.0,0.0,0.0,1.0]",0.0
"[19.0,31.17,689.82,1.0,1.0,0.0,1.0,0.0]",1.0
"[24.0,57.62,1466.87,0.0,1.0,0.0,0.0,1.0]",0.0
"[48.0,95.24,4982.71,1.0,0.0,1.0,0.0,1.0]",0.0
"[8.0,102.98,825.02,1.0,1.0,1.0,0.0,0.0]",1.0
"[45.0,39.72,2106.28,1.0,1.0,1.0,0.0,1.0]",0.0
"[65.0,84.58,5816.21,1.0,0.0,1.0,0.0,1.0]",0.0
"[53.0,36.14,2219.15,1.0,0.0,0.0,0.0,1.0]",0.0
"[43.0,73.97,2966.74,1.0,0.0,1.0,0.0,1.0]",0.0
"[10.0,78.91,708.68,0.0,1.0,0.0,1.0,0.0]",1.0
"(8,[0,1,2,7],[28.0,39.5,999.95,1.0])",0.0
"[46.0,50.02,0.0,1.0,1.0,0.0,1.0,1.0]",0.0
"(8,[0,1,2,5],[8.0,79.69,574.72,1.0])",1.0
"[7.0,104.72,788.87,1.0,1.0,0.0,1.0,0.0]",1.0
"[39.0,64.49,2723.98,0.0,0.0,0.0,1.0,1.0]",0.0
"[44.0,97.09,4505.19,0.0,1.0,1.0,0.0,1.0]",0.0
"[48.0,36.49,1460.61,0.0,0.0,1.0,0.0,1.0]",0.0
"[11.0,101.35,1172.73,0.0,1.0,0.0,1.0,0.0]",1.0
"(8,[1],[107.38])",1.0
"(8,[0,1,2,7],[12.0,90.19,1139.68,1.0])",0.0
"[69.0,38.6,2502.68,1.0,0.0,0.0,0.0,1.0]",0.0
"[14.0,43.24,495.95,0.0,0.0,1.0,0.0,1.0]",0.0
"[35.0,64.43,1977.5,1.0,1.0,0.0,0.0,0.0]",1.0
"[6.0,80.33,485.92,0.0,1.0,1.0,0.0,0.0]",1.0
"[11.0,60.92,780.07,1.0,1.0,0.0,1.0,1.0]",0.0
"[64.0,62.01,4250.77,1.0,1.0,0.0,1.0,1.0]",0.0
"[6.0,62.15,384.75,0.0,0.0,1.0,0.0,1.0]",0.0
"[9.0,67.88,573.72,0.0,1.0,1.0,0.0,1.0]",0.0
"[27.0,67.11,1866.19,0.0,0.0,0.0,1.0,1.0]",0.0
"[19.0,45.76,702.11,0.0,0.0,0.0,1.0,1.0]",0.0
"[44.0,52.78,1919.63,0.0,1.0,1.0,0.0,1.0]",0.0
"[11.0,97.35,1050.4,0.0,1.0,1.0,0.0,1.0]",0.0
"(8,[1,4,5,7],[79.07,1.0,1.0,1.0])",0.0
"[63.0,80.75,4745.87,0.0,1.0,0.0,1.0,1.0]",0.0
"(8,[0,1,2,6],[3.0,103.42,313.44,1.0])",1.0
"[3.0,109.68,314.66,0.0,1.0,1.0,0.0,1.0]",0.0
"(8,[0,1,2,4],[4.0,91.46,346.75,1.0])",1.0
"[6.0,95.49,599.95,1.0,0.0,0.0,0.0,1.0]",0.0
"(8,[0,1,2,5],[8.0,90.03,723.69,1.0])",1.0
"[10.0,81.58,904.48,0.0,1.0,0.0,0.0,1.0]",0.0
"[36.0,73.17,2714.93,0.0,1.0,0.0,1.0,1.0]",0.0
"[4.0,66.39,246.99,0.0,1.0,0.0,1.0,1.0]",0.0
"[14.0,28.45,506.7,1.0,0.0,0.0,1.0,1.0]",0.0
"[62.0,47.21,2822.37,0.0,1.0,0.0,0.0,1.0]",0.0
"[10.0,91.95,922.68,1.0,1.0,1.0,0.0,1.0]",0.0
"[66.0,59.01,4362.6,1.0,1.0,0.0,0.0,1.0]",0.0
"[66.0,72.31,4898.44,1.0,1.0,0.0,0.0,1.0]",0.0
"[6.0,95.62,529.68,0.0,0.0,1.0,0.0,1.0]",0.0
"[6.0,83.84,499.6,1.0,0.0,0.0,1.0,0.0]",1.0
"[61.0,94.43,5651.5,0.0,1.0,1.0,0.0,1.0]",0.0
"(8,[0,1,2],[61.0,36.97,2137.17])",1.0
"(8,[0,1,2,7],[24.0,50.91,1377.99,1.0])",0.0
"[2.0,74.23,147.82,1.0,1.0,0.0,1.0,1.0]",0.0
"[7.0,101.68,762.52,1.0,1.0,0.0,1.0,0.0]",1.0
"[11.0,99.85,1029.66,0.0,1.0,1.0,0.0,1.0]",0.0
"[29.0,66.18,2069.41,1.0,0.0,0.0,0.0,1.0]",0.0
"[32.0,49.25,1843.83,1.0,1.0,0.0,0.0,1.0]",0.0
"[9.0,95.36,930.5,0.0,1.0,0.0,1.0,1.0]",0.0
"[48.0,71.05,2941.9,0.0,0.0,0.0,1.0,1.0]",0.0
"[63.0,29.77,1602.18,1.0,0.0,1.0,0.0,1.0]",0.0
"[60.0,71.8,4703.02,0.0,1.0,1.0,0.0,0.0]",1.0
"[33.0,54.83,1711.29,1.0,0.0,1.0,0.0,1.0]",0.0
"[31.0,54.94,1529.6,0.0,0.0,0.0,1.0,1.0]",0.0
"[23.0,86.92,1957.28,1.0,0.0,0.0,1.0,1.0]",0.0
"[55.0,84.02,4476.98,1.0,0.0,0.0,1.0,1.0]",0.0
"(8,[0,1,2,5],[2.0,104.58,197.84,1.0])",1.0
"[52.0,76.71,4501.07,0.0,0.0,1.0,0.0,1.0]",0.0
"[3.0,66.44,227.75,0.0,0.0,1.0,0.0,1.0]",0.0
"(8,[0,1,2,7],[44.0,55.37,2669.0,1.0])",0.0
"[20.0,94.96,1806.06,0.0,0.0,0.0,1.0,1.0]",0.0
"[10.0,81.45,768.38,0.0,1.0,0.0,1.0,0.0]",1.0
"(8,[0,1,2,6],[4.0,87.43,341.48,1.0])",1.0
"(8,[0,1,2,6],[65.0,46.61,2710.29,1.0])",1.0
"[17.0,71.81,1263.96,1.0,0.0,0.0,1.0,0.0]",1.0
"[6.0,66.84,360.46,0.0,0.0,1.0,0.0,1.0]",0.0
"[70.0,75.2,4953.98,0.0,1.0,1.0,0.0,1.0]",0.0
"[56.0,40.0,1884.99,0.0,1.0,1.0,0.0,0.0]",1.0
"[8.0,92.01,746.51,1.0,0.0,0.0,1.0,1.0]",0.0
"[2.0,65.59,131.03,1.0,1.0,0.0,0.0,1.0]",0.0
"[9.0,60.14,495.15,1.0,1.0,1.0,0.0,1.0]",0.0
"[56.0,67.09,3521.65,1.0,1.0,1.0,0.0,1.0]",0.0
"[25.0,64.71,1771.49,1.0,1.0,0.0,0.0,0.0]",1.0
"[51.0,60.4,2716.37,0.0,0.0,0.0,1.0,1.0]",0.0
"(8,[0,1,2,5],[8.0,76.35,549.92,1.0])",1.0
"[61.0,23.2,1409.16,0.0,1.0,1.0,0.0,1.0]",0.0
"(8,[0,1,5,7],[65.0,21.84,1.0,1.0])",0.0
"[5.0,69.45,351.08,0.0,1.0,1.0,0.0,1.0]",0.0
"(8,[0,1,6,7],[57.0,91.79,1.0,1.0])",0.0
"[8.0,97.5,745.79,1.0,1.0,1.0,0.0,0.0]",1.0
"[2.0,90.9,166.47,1.0,1.0,0.0,0.0,0.0]",1.0
"[0.0,80.07,0.0,1.0,1.0,0.0,1.0,1.0]",0.0
"[41.0,80.13,2910.71,0.0,1.0,1.0,0.0,1.0]",0.0
"[70.0,92.76,6335.54,0.0,1.0,1.0,0.0,1.0]",0.0
"(8,[0,1,2,7],[65.0,27.45,1311.54,1.0])",0.0
"[10.0,82.39,864.67,1.0,0.0,0.0,1.0,1.0]",0.0
"[7.0,68.04,478.21,0.0,1.0,1.0,0.0,1.0]",0.0
"[15.0,43.04,510.22,0.0,0.0,1.0,0.0,1.0]",0.0
"[6.0,74.14,473.96,0.0,1.0,1.0,0.0,0.0]",1.0
"[7.0,64.83,453.34,1.0,0.0,1.0,0.0,1.0]",0.0
"[12.0,98.62,1235.21,1.0,1.0,0.0,1.0,1.0]",0.0
"[5.0,91.6,454.77,1.0,1.0,0.0,1.0,0.0]",1.0
"[17.0,33.3,431.97,0.0,1.0,0.0,1.0,1.0]",0.0
"[71.0,63.63,4852.88,1.0,0.0,0.0,1.0,1.0]",0.0
"[44.0,91.57,3799.08,1.0,1.0,1.0,0.0,1.0]",0.0
"[6.0,60.1,307.48,0.0,0.0,1.0,0.0,1.0]",0.0
"[52.0,43.19,2096.08,0.0,0.0,0.0,1.0,1.0]",0.0
"[31.0,92.55,2717.61,1.0,1.0,0.0,0.0,1.0]",0.0
"[13.0,63.97,769.7,0.0,1.0,0.0,1.0,1.0]",0.0
"[13.0,33.36,0.0,1.0,1.0,0.0,1.0,1.0]",0.0
"[34.0,73.62,2346.41,1.0,1.0,0.0,1.0,1.0]",0.0
"[4.0,90.56,400.8,0.0,1.0,0.0,1.0,1.0]",0.0
"[24.0,97.61,2486.48,1.0,1.0,1.0,0.0,1.0]",0.0
"[29.0,44.88,1566.69,1.0,1.0,1.0,0.0,1.0]",0.0
"(8,[0,1,2,7],[58.0,84.3,4669.7,1.0])",0.0
"(8,[0,1,2,6],[8.0,87.35,734.43,1.0])",1.0
"[22.0,85.26,1702.25,0.0,1.0,0.0,1.0,1.0]",0.0
"[39.0,67.3,2614.25,0.0,0.0,1.0,0.0,1.0]",0.0
"[68.0,30.03,1370.05,0.0,1.0,0.0,1.0,1.0]",0.0
"[12.0,80.93,1055.74,0.0,1.0,0.0,1.0,1.0]",0.0
"[38.0,25.17,1328.19,1.0,0.0,0.0,1.0,1.0]",0.0
"[2.0,63.41,113.95,1.0,1.0,0.0,0.0,1.0]",0.0
"[13.0,39.38,605.72,1.0,0.0,0.0,1.0,0.0]",1.0
"[12.0,60.77,716.47,1.0,1.0,0.0,1.0,1.0]",0.0
"[12.0,26.02,245.89,1.0,1.0,1.0,0.0,1.0]",0.0
"[60.0,31.26,1359.91,1.0,1.0,1.0,0.0,1.0]",0.0
"[55.0,33.74,1969.04,0.0,0.0,0.0,1.0,1.0]",0.0
"[27.0,67.26,1570.5,1.0,0.0,1.0,0.0,1.0]",0.0
"[30.0,50.08,1765.62,1.0,1.0,0.0,1.0,0.0]",1.0
"[45.0,44.11,2054.12,1.0,0.0,1.0,0.0,0.0]",1.0
"[60.0,63.57,3842.44,1.0,1.0,0.0,1.0,1.0]",0.0
"[19.0,28.19,663.52,1.0,1.0,1.0,0.0,1.0]",0.0
"[19.0,80.33,1454.57,1.0,0.0,0.0,1.0,0.0]",1.0
"(8,[0,1,2,7],[10.0,74.12,728.55,1.0])",0.0
"[45.0,77.66,3129.13,0.0,0.0,0.0,1.0,1.0]",0.0
"[4.0,88.18,320.72,1.0,1.0,0.0,1.0,1.0]",0.0
"[10.0,75.56,732.39,1.0,0.0,1.0,0.0,1.0]",0.0
"[7.0,109.04,697.33,1.0,1.0,1.0,0.0,0.0]",1.0
"[5.0,77.04,422.08,1.0,0.0,1.0,0.0,1.0]",0.0
"[8.0,77.48,607.89,0.0,1.0,1.0,0.0,0.0]",1.0
"[8.0,71.83,563.16,0.0,1.0,1.0,0.0,1.0]",0.0
"[52.0,71.23,4182.23,1.0,0.0,1.0,0.0,1.0]",0.0
"[57.0,96.46,5138.11,0.0,0.0,1.0,0.0,1.0]",0.0
"[8.0,62.8,427.32,0.0,1.0,1.0,0.0,1.0]",0.0
"(8,[0,1,2],[1.0,103.67,111.48])",1.0
"[60.0,45.93,3321.41,1.0,1.0,0.0,1.0,1.0]",0.0
"[37.0,75.87,2648.52,1.0,1.0,1.0,0.0,1.0]",0.0
"[31.0,35.46,1237.37,1.0,1.0,1.0,0.0,1.0]",0.0
"[40.0,78.39,3308.81,0.0,0.0,1.0,0.0,1.0]",0.0
"[22.0,91.81,1800.15,0.0,1.0,0.0,0.0,1.0]",0.0
"(8,[0,1,2,6],[41.0,75.17,3349.62,1.0])",1.0
"(8,[0,1,2,6],[69.0,89.07,5810.02,1.0])",1.0
"(8,[0,1,2,7],[68.0,74.19,5341.34,1.0])",0.0
"[48.0,56.23,3068.7,0.0,1.0,0.0,1.0,1.0]",0.0
"(8,[0,1,2,7],[65.0,24.67,1668.57,1.0])",0.0
"(8,[0,1,2,5],[5.0,91.34,416.61,1.0])",1.0
"[4.0,106.3,424.72,1.0,0.0,0.0,1.0,1.0]",0.0
"(8,[0,1,5],[1.0,70.54,1.0])",1.0
"[7.0,90.41,659.64,1.0,1.0,1.0,0.0,0.0]",1.0
"[53.0,35.63,1837.1,1.0,0.0,0.0,1.0,1.0]",0.0
"[64.0,82.81,5470.95,1.0,0.0,0.0,1.0,1.0]",0.0
"[6.0,81.79,451.06,0.0,1.0,1.0,0.0,1.0]",0.0
"[10.0,64.31,576.4,1.0,1.0,0.0,1.0,0.0]",1.0
"[52.0,34.01,1482.07,1.0,0.0,0.0,1.0,1.0]",0.0
"[6.0,87.95,532.23,1.0,1.0,0.0,1.0,1.0]",0.0
"(8,[1,4,5],[90.2,1.0,1.0])",1.0
"[56.0,33.0,2096.61,1.0,0.0,0.0,1.0,1.0]",0.0
"[52.0,72.15,3595.73,1.0,1.0,1.0,0.0,1.0]",0.0
"[36.0,47.94,1664.12,1.0,0.0,0.0,1.0,0.0]",1.0
"[53.0,67.72,3205.15,0.0,1.0,0.0,1.0,0.0]",1.0
"[20.0,24.56,685.8,1.0,1.0,0.0,1.0,0.0]",1.0
"[43.0,64.61,2551.7,0.0,0.0,1.0,0.0,1.0]",0.0
"[6.0,86.56,510.29,1.0,1.0,0.0,1.0,1.0]",0.0
"(8,[0,1,2,5],[4.0,92.58,357.45,1.0])",1.0
"[71.0,70.64,5242.79,0.0,0.0,0.0,1.0,1.0]",0.0
"[4.0,86.27,314.15,0.0,0.0,1.0,0.0,1.0]",0.0
"[3.0,90.77,291.48,1.0,0.0,0.0,1.0,1.0]",0.0
"[33.0,92.43,3220.88,1.0,0.0,1.0,0.0,1.0]",0.0
"[7.0,99.38,0.0,1.0,1.0,0.0,1.0,1.0]",0.0
"[11.0,60.77,716.64,1.0,1.0,1.0,0.0,1.0]",0.0
"[10.0,70.02,661.47,1.0,1.0,1.0,0.0,0.0]",1.0
"[34.0,82.53,2975.31,1.0,0.0,1.0,0.0,1.0]",0.0
"[4.0,101.5,386.48,1.0,1.0,1.0,0.0,0.0]",1.0
"[52.0,20.05,1442.66,0.0,0.0,1.0,0.0,1.0]",0.0
"[11.0,63.21,750.13,0.0,1.0,1.0,0.0,1.0]",0.0
"[21.0,69.22,1415.77,1.0,0.0,1.0,0.0,1.0]",0.0
"[52.0,92.71,4673.47,0.0,0.0,1.0,0.0,1.0]",0.0
"(8,[0,1,4,6],[6.0,96.09,1.0,1.0])",1.0
"[21.0,52.57,952.33,0.0,1.0,0.0,0.0,1.0]",0.0
"[10.0,82.96,732.23,1.0,0.0,0.0,1.0,0.0]",1.0
"(8,[0,1,2,7],[20.0,28.91,739.74,1.0])",0.0
"[60.0,31.08,1828.56,1.0,0.0,1.0,0.0,1.0]",0.0
"[12.0,60.22,743.93,0.0,0.0,0.0,1.0,1.0]",0.0
"(8,[0,1,2,7],[8.0,107.11,918.88,1.0])",0.0
"[3.0,83.91,274.98,1.0,1.0,1.0,0.0,0.0]",1.0
"[20.0,59.14,1132.21,0.0,0.0,1.0,0.0,1.0]",0.0
"[32.0,29.06,871.4,1.0,1.0,0.0,1.0,1.0]",0.0
"[62.0,27.61,1116.8,1.0,1.0,1.0,0.0,1.0]",0.0
"[3.0,60.61,158.96,1.0,1.0,0.0,1.0,0.0]",1.0
"[63.0,85.43,5293.3,1.0,0.0,1.0,0.0,1.0]",0.0
"[33.0,86.51,2685.86,1.0,1.0,1.0,0.0,1.0]",0.0
"[33.0,70.67,2207.28,0.0,0.0,0.0,1.0,1.0]",0.0
"[11.0,79.24,960.27,1.0,1.0,1.0,0.0,1.0]",0.0
"[12.0,39.47,529.09,0.0,0.0,1.0,0.0,1.0]",0.0
"[4.0,88.79,389.34,1.0,1.0,1.0,0.0,0.0]",1.0
"[6.0,103.17,565.99,1.0,0.0,0.0,1.0,0.0]",1.0
"[50.0,99.59,5289.87,0.0,1.0,1.0,0.0,1.0]",0.0
"(8,[0,1,2,4],[1.0,72.45,79.15,1.0])",1.0
"[45.0,76.27,3603.52,1.0,1.0,1.0,0.0,1.0]",0.0
"[54.0,77.23,4698.51,0.0,1.0,1.0,0.0,1.0]",0.0
"[3.0,89.97,266.01,1.0,1.0,0.0,0.0,1.0]",0.0
"[47.0,30.53,1651.2,1.0,1.0,0.0,1.0,0.0]",1.0
"[35.0,53.89,2226.52,1.0,0.0,0.0,1.0,1.0]",0.0
"[67.0,24.33,1176.82,0.0,0.0,1.0,0.0,1.0]",0.0
"[5.0,64.68,310.98,1.0,0.0,0.0,1.0,1.0]",0.0
"[5.0,92.76,495.15,0.0,1.0,1.0,0.0,0.0]",1.0
"[60.0,60.2,3279.76,1.0,1.0,0.0,0.0,1.0]",0.0
"[45.0,36.28,1929.52,1.0,0.0,0.0,1.0,0.0]",1.0
"[1.0,106.07,97.65,1.0,0.0,1.0,0.0,0.0]",1.0
"[4.0,95.74,347.8,1.0,0.0,1.0,0.0,1.0]",0.0
"(8,[0,1,2,3],[10.0,83.98,836.03,1.0])",1.0
"[55.0,53.11,2874.92,0.0,0.0,1.0,0.0,1.0]",0.0
"[4.0,90.74,391.95,1.0,0.0,0.0,1.0,1.0]",0.0
"[4.0,108.07,394.34,1.0,0.0,0.0,0.0,1.0]",0.0
"[23.0,85.35,1959.59,0.0,0.0,0.0,1.0,1.0]",0.0
"[56.0,76.9,4786.3,0.0,0.0,0.0,1.0,1.0]",0.0
"[64.0,29.82,1390.81,0.0,0.0,0.0,1.0,1.0]",0.0
"[9.0,65.68,506.61,0.0,1.0,1.0,0.0,1.0]",0.0
"[8.0,66.01,584.99,0.0,1.0,0.0,1.0,1.0]",0.0
"[58.0,73.17,4462.18,1.0,1.0,1.0,0.0,1.0]",0.0
"[12.0,60.51,758.49,1.0,0.0,1.0,0.0,1.0]",0.0
"(8,[1,7],[85.81,1.0])",0.0
"[43.0,32.8,1476.43,0.0,0.0,1.0,0.0,1.0]",0.0
"(8,[0,1,2],[9.0,100.99,838.59])",1.0
"[10.0,82.42,882.53,1.0,1.0,0.0,1.0,0.0]",1.0
"[61.0,35.7,2424.17,0.0,0.0,1.0,0.0,1.0]",0.0
"[58.0,53.26,2523.75,0.0,1.0,1.0,0.0,1.0]",0.0
"[64.0,44.76,2757.48,1.0,1.0,0.0,1.0,0.0]",1.0
"[57.0,46.51,3014.9,0.0,1.0,0.0,1.0,1.0]",0.0
"[61.0,74.56,4061.43,1.0,1.0,0.0,1.0,1.0]",0.0
"(8,[0,1,4,7],[27.0,60.19,1.0,1.0])",0.0
"[38.0,75.97,2918.56,1.0,1.0,0.0,1.0,1.0]",0.0
"[36.0,58.02,2294.03,0.0,1.0,1.0,0.0,1.0]",0.0
"[12.0,21.84,360.53,1.0,0.0,1.0,0.0,1.0]",0.0
"[40.0,98.76,4229.23,1.0,1.0,0.0,1.0,0.0]",1.0
"[21.0,77.37,1689.43,0.0,0.0,1.0,0.0,1.0]",0.0
"[55.0,64.87,3719.17,1.0,0.0,1.0,0.0,1.0]",0.0
"[12.0,31.92,348.88,1.0,1.0,0.0,0.0,1.0]",0.0
"[11.0,74.96,744.5,1.0,1.0,1.0,0.0,0.0]",1.0
"[3.0,75.38,198.63,1.0,1.0,0.0,0.0,0.0]",1.0
"[26.0,47.17,1062.68,0.0,1.0,0.0,1.0,1.0]",0.0
"(8,[0,1,6,7],[23.0,55.73,1.0,1.0])",0.0
"[6.0,96.42,623.39,1.0,1.0,0.0,0.0,0.0]",1.0
"(8,[1,3,4,6],[101.23,1.0,1.0,1.0])",1.0
"[49.0,65.06,2771.99,1.0,0.0,0.0,1.0,1.0]",0.0
"[61.0,26.42,1862.04,0.0,1.0,1.0,0.0,1.0]",0.0
"[10.0,95.06,967.77,1.0,1.0,0.0,0.0,1.0]",0.0
"[49.0,23.65,1087.0,0.0,1.0,1.0,0.0,0.0]",1.0
"[38.0,54.29,1705.24,1.0,1.0,0.0,0.0,1.0]",0.0
"[29.0,61.45,1577.31,0.0,0.0,0.0,1.0,1.0]",0.0
"[4.0,96.76,416.56,1.0,0.0,0.0,1.0,1.0]",0.0
"[1.0,91.64,89.48,1.0,0.0,0.0,1.0,0.0]",1.0
"[58.0,52.36,2737.99,1.0,1.0,1.0,0.0,1.0]",0.0
"[21.0,26.41,402.22,0.0,1.0,0.0,1.0,1.0]",0.0
"[1.0,75.06,0.0,0.0,1.0,0.0,1.0,1.0]",0.0
"[56.0,47.53,2842.0,1.0,1.0,0.0,1.0,0.0]",1.0
"[7.0,105.08,681.05,1.0,1.0,0.0,1.0,0.0]",1.0
"[12.0,37.04,480.11,0.0,1.0,1.0,0.0,1.0]",0.0
"[12.0,49.24,533.98,0.0,1.0,0.0,1.0,1.0]",0.0
"[9.0,62.63,525.02,0.0,1.0,0.0,0.0,1.0]",0.0
"(8,[0,1,2,7],[2.0,65.4,127.48,1.0])",0.0
"[49.0,21.06,1064.08,1.0,1.0,0.0,1.0,0.0]",1.0
"[19.0,73.94,1488.19,1.0,0.0,0.0,1.0,1.0]",0.0
"[47.0,74.49,3537.34,1.0,0.0,0.0,1.0,1.0]",0.0
"[5.0,90.8,466.48,1.0,0.0,0.0,0.0,1.0]",0.0
"[10.0,62.04,530.39,0.0,0.0,0.0,1.0,1.0]",0.0
"[35.0,88.54,3338.73,0.0,1.0,0.0,1.0,1.0]",0.0
"[34.0,73.54,2670.41,0.0,1.0,1.0,0.0,1.0]",0.0
"[54.0,86.64,4450.03,1.0,0.0,1.0,0.0,1.0]",0.0
"[8.0,72.61,618.64,1.0,1.0,0.0,1.0,0.0]",1.0
"[43.0,69.4,2601.21,1.0,0.0,0.0,1.0,1.0]",0.0
"[59.0,64.5,3697.04,1.0,1.0,0.0,0.0,1.0]",0.0
"[7.0,84.23,565.96,1.0,1.0,0.0,1.0,0.0]",1.0
"[61.0,40.87,2831.49,1.0,1.0,0.0,0.0,1.0]",0.0
"(8,[0,1,2,3],[46.0,58.71,2491.48,1.0])",1.0
"[19.0,25.3,355.64,0.0,1.0,0.0,1.0,0.0]",1.0
"[67.0,61.77,4040.44,0.0,0.0,0.0,1.0,1.0]",0.0
"[18.0,51.96,837.36,0.0,0.0,0.0,1.0,1.0]",0.0
"[4.0,65.41,253.64,0.0,0.0,0.0,1.0,1.0]",0.0
"(8,[1,4,6],[102.84,1.0,1.0])",1.0
"[16.0,70.89,1134.43,1.0,1.0,0.0,1.0,1.0]",0.0
"[59.0,54.86,3773.86,0.0,1.0,1.0,0.0,1.0]",0.0
"[29.0,79.57,2495.15,0.0,1.0,1.0,0.0,1.0]",0.0
"[32.0,92.87,2884.61,0.0,1.0,0.0,1.0,1.0]",0.0
"[25.0,77.11,0.0,1.0,1.0,0.0,1.0,1.0]",0.0
"[18.0,80.86,1389.48,0.0,1.0,1.0,0.0,1.0]",0.0
"[45.0,92.49,4020.38,0.0,1.0,1.0,0.0,1.0]",0.0
"[41.0,74.73,2775.44,0.0,0.0,1.0,0.0,1.0]",0.0
"[65.0,78.46,4743.52,0.0,0.0,1.0,0.0,1.0]",0.0
"[63.0,32.23,1457.84,0.0,1.0,1.0,0.0,1.0]",0.0
"[47.0,28.02,921.43,0.0,1.0,0.0,0.0,1.0]",0.0
"[21.0,73.24,1638.89,1.0,1.0,1.0,0.0,1.0]",0.0
"[12.0,55.2,686.56,0.0,0.0,0.0,1.0,1.0]",0.0
"(8,[1,4,5],[92.86,1.0,1.0])",1.0
"[55.0,76.92,4090.12,1.0,0.0,0.0,1.0,1.0]",0.0
"[54.0,45.48,2951.67,0.0,1.0,1.0,0.0,1.0]",0.0
"[22.0,69.07,1465.93,0.0,0.0,1.0,0.0,1.0]",0.0
"[4.0,65.42,266.75,1.0,1.0,0.0,1.0,1.0]",0.0
"[52.0,35.13,2263.88,0.0,1.0,1.0,0.0,1.0]",0.0
"[26.0,65.57,1453.84,1.0,0.0,1.0,0.0,1.0]",0.0
"(8,[0,1,2,5],[2.0,84.19,154.88,1.0])",1.0
"[4.0,82.14,303.58,0.0,1.0,0.0,1.0,1.0]",0.0
"[47.0,76.93,3651.8,1.0,1.0,1.0,0.0,1.0]",0.0
"[17.0,58.4,1135.77,0.0,1.0,0.0,0.0,1.0]",0.0
"[27.0,68.26,1799.41,0.0,0.0,0.0,1.0,1.0]",0.0
"[10.0,75.15,691.84,0.0,1.0,1.0,0.0,0.0]",1.0
"[56.0,81.39,4819.8,0.0,1.0,1.0,0.0,1.0]",0.0
"[19.0,49.64,1086.04,0.0,0.0,0.0,1.0,1.0]",0.0
"[6.0,76.85,425.61,0.0,1.0,0.0,0.0,1.0]",0.0
"[3.0,89.73,277.17,1.0,1.0,0.0,1.0,0.0]",1.0
"[2.0,103.49,191.91,1.0,0.0,1.0,0.0,0.0]",1.0
"(8,[0,1,2,7],[31.0,41.91,1409.82,1.0])",0.0
"[8.0,76.47,559.16,0.0,1.0,1.0,0.0,0.0]",1.0
"[12.0,29.04,416.65,1.0,1.0,1.0,0.0,1.0]",0.0
"[27.0,30.75,726.02,0.0,1.0,1.0,0.0,0.0]",1.0
"[7.0,105.44,702.33,1.0,1.0,1.0,0.0,1.0]",0.0
"[6.0,85.65,537.8,1.0,1.0,0.0,1.0,1.0]",0.0
"[32.0,32.44,966.11,1.0,0.0,1.0,0.0,1.0]",0.0
"[61.0,32.37,2381.86,1.0,1.0,0.0,1.0,1.0]",0.0
"(8,[0,1,3,7],[43.0,57.98,1.0,1.0])",0.0
"[17.0,81.53,1257.0,1.0,1.0,0.0,1.0,0.0]",1.0
"[1.0,72.72,69.4,1.0,1.0,1.0,0.0,0.0]",1.0
"[31.0,23.38,597.68,1.0,1.0,1.0,0.0,1.0]",0.0
"[42.0,72.62,3017.48,1.0,1.0,0.0,1.0,1.0]",0.0
"[32.0,33.67,1105.87,0.0,0.0,0.0,1.0,1.0]",0.0
"[64.0,46.47,3436.81,0.0,0.0,1.0,0.0,1.0]",0.0
"[64.0,26.76,1775.8,0.0,1.0,0.0,1.0,0.0]",1.0
"[47.0,39.11,2035.68,1.0,0.0,1.0,0.0,1.0]",0.0
"[41.0,42.82,1487.01,1.0,1.0,1.0,0.0,1.0]",0.0
"[29.0,71.29,1835.97,0.0,1.0,0.0,1.0,0.0]",1.0
"[41.0,86.44,3857.77,0.0,0.0,0.0,1.0,1.0]",0.0
"[11.0,97.67,1144.7,1.0,0.0,0.0,1.0,0.0]",1.0
"[2.0,77.14,151.77,0.0,0.0,1.0,0.0,1.0]",0.0
"[30.0,35.35,1299.6,1.0,1.0,0.0,1.0,1.0]",0.0
"[21.0,50.02,1130.75,1.0,0.0,0.0,1.0,1.0]",0.0
"[12.0,73.29,797.01,1.0,1.0,1.0,0.0,1.0]",0.0
"(8,[0,1,6],[37.0,99.93,1.0])",1.0
"[65.0,30.03,2088.46,1.0,0.0,0.0,1.0,1.0]",0.0
"(8,[1,4,5],[98.01,1.0,1.0])",1.0
"(8,[0,1,2,3],[10.0,107.22,1018.17,1.0])",1.0
"[9.0,106.12,890.14,1.0,1.0,1.0,0.0,1.0]",0.0
"[47.0,89.9,4570.24,1.0,0.0,0.0,1.0,1.0]",0.0
"(8,[0,1,2,4],[3.0,81.92,269.48,1.0])",1.0
"[33.0,67.73,2289.53,1.0,1.0,1.0,0.0,1.0]",0.0
"[1.0,102.83,109.38,0.0,1.0,0.0,0.0,1.0]",0.0
"(8,[0,1,2,5],[11.0,89.79,956.13,1.0])",1.0
"[3.0,109.26,349.62,1.0,1.0,1.0,0.0,1.0]",0.0
"[39.0,38.69,1202.39,0.0,1.0,1.0,0.0,1.0]",0.0
"[17.0,84.54,1480.25,1.0,0.0,0.0,0.0,1.0]",0.0
"[21.0,52.6,1020.35,1.0,1.0,0.0,0.0,1.0]",0.0
"[63.0,60.93,4448.77,0.0,1.0,1.0,0.0,1.0]",0.0
"(8,[1,4,5],[99.57,1.0,1.0])",1.0
"[16.0,26.78,348.82,1.0,0.0,0.0,1.0,0.0]",1.0
"(8,[0,1,2,7],[1.0,63.01,61.66,1.0])",0.0
"[70.0,37.18,2814.25,1.0,1.0,1.0,0.0,1.0]",0.0
"[62.0,83.07,5298.69,1.0,0.0,0.0,1.0,1.0]",0.0
"[24.0,60.78,1534.04,0.0,0.0,1.0,0.0,1.0]",0.0
"[42.0,88.29,4096.43,1.0,1.0,0.0,0.0,1.0]",0.0
"[25.0,35.83,1073.12,1.0,0.0,0.0,1.0,0.0]",1.0
"(8,[0,1,2,6],[19.0,93.55,1839.69,1.0])",1.0
"[4.0,106.67,417.44,1.0,0.0,1.0,0.0,0.0]",1.0
"[17.0,83.45,1256.64,0.0,1.0,1.0,0.0,0.0]",1.0
"(8,[1,6,7],[62.69,1.0,1.0])",0.0
"(8,[0,1,2,6],[23.0,39.47,992.56,1.0])",1.0
"[59.0,61.16,3441.38,1.0,1.0,0.0,1.0,0.0]",1.0
"[19.0,43.9,0.0,1.0,0.0,0.0,1.0,1.0]",0.0
"[29.0,58.28,1618.76,1.0,1.0,0.0,1.0,0.0]",1.0
"[66.0,54.4,2941.14,1.0,1.0,1.0,0.0,1.0]",0.0
"[31.0,26.86,752.16,0.0,1.0,0.0,1.0,1.0]",0.0
"(8,[0,1,2,7],[43.0,64.23,2467.42,1.0])",0.0
"(8,[1,4,5],[88.55,1.0,1.0])",1.0
"[3.0,64.22,203.16,0.0,0.0,0.0,1.0,1.0]",0.0
"[8.0,87.03,758.09,1.0,1.0,1.0,0.0,0.0]",1.0
"(8,[0,1,2,6],[66.0,96.13,6029.14,1.0])",1.0
"[56.0,97.7,5591.99,1.0,0.0,0.0,1.0,1.0]",0.0
"[1.0,81.21,71.97,1.0,0.0,0.0,1.0,0.0]",1.0
"[64.0,69.28,3819.73,1.0,0.0,0.0,1.0,1.0]",0.0
"[34.0,82.09,2755.27,1.0,1.0,1.0,0.0,1.0]",0.0
"[3.0,96.31,287.95,1.0,1.0,0.0,1.0,1.0]",0.0
"[45.0,88.5,3928.29,1.0,1.0,0.0,1.0,0.0]",1.0
"[10.0,88.17,981.5,1.0,1.0,0.0,0.0,0.0]",1.0
"[5.0,73.07,377.15,1.0,0.0,0.0,1.0,1.0]",0.0
"[38.0,48.9,2205.16,1.0,0.0,0.0,1.0,1.0]",0.0
"[6.0,68.24,466.09,1.0,1.0,0.0,0.0,0.0]",1.0
"[66.0,53.34,4160.96,0.0,0.0,0.0,1.0,1.0]",0.0
"[2.0,109.16,200.86,1.0,0.0,1.0,0.0,0.0]",1.0
"[1.0,87.71,92.56,1.0,1.0,1.0,0.0,1.0]",0.0
"[55.0,34.48,2187.13,1.0,0.0,0.0,1.0,1.0]",0.0
"[49.0,72.72,3606.63,1.0,1.0,0.0,1.0,1.0]",0.0
"[15.0,53.42,0.0,0.0,1.0,1.0,0.0,1.0]",0.0
"[25.0,98.11,2398.3,0.0,1.0,1.0,0.0,1.0]",0.0
"[13.0,61.77,892.15,1.0,0.0,0.0,1.0,1.0]",0.0
"(8,[0,1,2,5],[12.0,30.14,306.3,1.0])",1.0
"[1.0,82.55,89.68,1.0,1.0,0.0,1.0,0.0]",1.0
"[36.0,52.25,1734.19,1.0,1.0,1.0,0.0,1.0]",0.0
"(8,[0,1,2,6],[56.0,50.15,2370.12,1.0])",1.0
"[46.0,75.62,3484.6,1.0,0.0,1.0,0.0,1.0]",0.0
"(8,[0,1,2,7],[4.0,101.16,371.57,1.0])",0.0
"[5.0,63.22,336.25,1.0,1.0,0.0,1.0,1.0]",0.0
"[15.0,40.37,595.06,1.0,1.0,0.0,1.0,1.0]",0.0
"[37.0,36.54,1492.9,1.0,0.0,1.0,0.0,1.0]",0.0
"(8,[0,1,2],[11.0,70.7,821.63])",1.0
"[4.0,100.92,395.33,1.0,1.0,1.0,0.0,1.0]",0.0
"[36.0,50.39,1748.51,1.0,0.0,1.0,0.0,1.0]",0.0
"[40.0,53.79,2310.28,1.0,1.0,1.0,0.0,1.0]",0.0
"[3.0,65.64,173.98,1.0,1.0,1.0,0.0,1.0]",0.0
"[18.0,99.25,1931.3,1.0,0.0,0.0,0.0,1.0]",0.0
"[5.0,94.0,479.05,1.0,1.0,0.0,0.0,1.0]",0.0
"[5.0,66.07,287.74,1.0,0.0,1.0,0.0,1.0]",0.0
"[6.0,88.42,513.42,1.0,0.0,1.0,0.0,0.0]",1.0
"[4.0,73.15,332.5,0.0,1.0,1.0,0.0,1.0]",0.0
"(8,[1,3,4],[80.16,1.0,1.0])",1.0
"[21.0,49.32,1234.36,0.0,1.0,0.0,1.0,1.0]",0.0
"(8,[0,1,2,6],[5.0,65.75,366.69,1.0])",1.0
"[52.0,82.25,4603.65,0.0,1.0,1.0,0.0,1.0]",0.0
"[11.0,72.95,735.11,1.0,0.0,0.0,1.0,0.0]",1.0
"[57.0,92.33,5117.96,1.0,0.0,1.0,0.0,1.0]",0.0
"[37.0,35.36,1564.87,0.0,1.0,1.0,0.0,1.0]",0.0
"[9.0,92.03,823.17,1.0,1.0,0.0,0.0,0.0]",1.0
"[65.0,61.68,4110.91,1.0,1.0,0.0,1.0,0.0]",1.0
"(8,[0,1,2,7],[61.0,58.68,2973.63,1.0])",0.0
"[26.0,70.55,1766.97,1.0,1.0,0.0,1.0,1.0]",0.0
"(8,[0,1,4,6],[6.0,99.32,1.0,1.0])",1.0
"[9.0,101.7,945.7,1.0,1.0,1.0,0.0,1.0]",0.0
"[49.0,20.25,1420.37,0.0,1.0,0.0,1.0,1.0]",0.0
"[59.0,74.28,4697.94,0.0,1.0,0.0,0.0,1.0]",0.0
"[30.0,22.67,462.21,0.0,1.0,0.0,1.0,1.0]",0.0
"[10.0,89.0,855.48,0.0,0.0,0.0,1.0,1.0]",0.0
"[9.0,100.95,985.3,1.0,0.0,1.0,0.0,0.0]",1.0
"[16.0,24.37,404.24,0.0,1.0,1.0,0.0,1.0]",0.0
"[7.0,64.07,474.5,1.0,1.0,1.0,0.0,0.0]",1.0
"[26.0,69.76,1880.02,1.0,1.0,0.0,1.0,0.0]",1.0
"[59.0,50.14,2831.37,0.0,0.0,0.0,1.0,1.0]",0.0
"[70.0,57.81,4707.12,0.0,0.0,0.0,1.0,1.0]",0.0
"[66.0,63.85,4374.96,0.0,1.0,0.0,1.0,0.0]",1.0
"[32.0,67.2,1925.47,1.0,1.0,0.0,1.0,1.0]",0.0
"(8,[0,1,2,7],[47.0,50.14,2587.06,1.0])",0.0
"[19.0,56.56,950.8,1.0,0.0,0.0,1.0,1.0]",0.0
"[5.0,68.96,345.01,0.0,1.0,0.0,0.0,1.0]",0.0
"[72.0,72.26,5891.06,0.0,1.0,1.0,0.0,1.0]",0.0
"[60.0,95.64,6258.82,0.0,1.0,0.0,0.0,1.0]",0.0
"[67.0,34.92,2702.18,1.0,1.0,0.0,1.0,1.0]",0.0
"(8,[1],[88.23])",1.0
"[58.0,21.64,927.69,0.0,1.0,0.0,1.0,1.0]",0.0
"[7.0,108.79,693.65,1.0,0.0,0.0,1.0,1.0]",0.0
"[29.0,99.15,0.0,1.0,0.0,1.0,0.0,1.0]",0.0
"[12.0,25.99,307.84,1.0,1.0,0.0,0.0,1.0]",0.0
"[49.0,39.64,1616.05,0.0,1.0,1.0,0.0,1.0]",0.0
"[54.0,90.07,5399.25,0.0,1.0,1.0,0.0,1.0]",0.0
"(8,[1,5,7],[81.66,1.0,1.0])",0.0
"[21.0,44.08,847.79,1.0,0.0,0.0,1.0,1.0]",0.0
"[10.0,93.92,914.47,1.0,1.0,0.0,1.0,0.0]",1.0
"[23.0,61.39,1234.1,1.0,1.0,0.0,0.0,1.0]",0.0
"[4.0,73.52,268.49,1.0,0.0,0.0,1.0,1.0]",0.0
"[40.0,57.02,2355.21,1.0,0.0,1.0,0.0,1.0]",0.0
"[24.0,64.55,1777.42,1.0,1.0,1.0,0.0,1.0]",0.0
"[1.0,61.35,62.28,0.0,1.0,1.0,0.0,1.0]",0.0
"(8,[0,1,2,7],[1.0,67.09,61.5,1.0])",0.0
"[49.0,95.44,4929.23,1.0,1.0,0.0,0.0,0.0]",1.0
"[12.0,66.75,698.44,0.0,1.0,1.0,0.0,1.0]",0.0
"[3.0,105.93,0.0,1.0,1.0,1.0,0.0,1.0]",0.0
"[18.0,31.21,597.63,0.0,1.0,0.0,1.0,1.0]",0.0
"(8,[0,1,2,7],[15.0,23.56,407.83,1.0])",0.0
"(8,[1,3,4,6],[94.85,1.0,1.0,1.0])",1.0
"[22.0,97.65,1942.18,0.0,0.0,0.0,1.0,1.0]",0.0
"[30.0,21.36,529.56,1.0,1.0,0.0,1.0,1.0]",0.0
"(8,[0,1,2,6],[12.0,86.84,1112.69,1.0])",1.0
"[61.0,75.21,4065.8,0.0,0.0,1.0,0.0,1.0]",0.0
"[12.0,45.9,486.45,0.0,0.0,0.0,1.0,1.0]",0.0
"[4.0,99.7,397.14,1.0,0.0,0.0,1.0,0.0]",1.0
"[42.0,97.87,3786.21,1.0,0.0,1.0,0.0,1.0]",0.0
"(8,[0,1,2],[6.0,97.72,599.34])",1.0
"[18.0,23.31,549.25,1.0,1.0,0.0,1.0,1.0]",0.0
"[71.0,59.77,3655.24,0.0,0.0,0.0,1.0,1.0]",0.0
"[13.0,28.63,489.42,1.0,1.0,0.0,1.0,1.0]",0.0
"[39.0,87.35,3462.14,1.0,1.0,1.0,0.0,1.0]",0.0
"[23.0,71.42,1674.67,1.0,0.0,1.0,0.0,1.0]",0.0
"[10.0,60.64,592.77,1.0,1.0,1.0,0.0,1.0]",0.0
"[22.0,74.5,1632.37,1.0,1.0,0.0,1.0,1.0]",0.0
"[5.0,60.53,294.92,1.0,0.0,1.0,0.0,1.0]",0.0
"[28.0,23.0,578.18,1.0,0.0,1.0,0.0,1.0]",0.0
"[51.0,79.27,3609.91,0.0,0.0,1.0,0.0,1.0]",0.0
"[54.0,52.27,3294.88,1.0,1.0,0.0,1.0,1.0]",0.0
"[70.0,33.72,1723.72,1.0,1.0,0.0,0.0,1.0]",0.0
"(8,[0,1,2,6],[67.0,71.28,5332.25,1.0])",1.0
"[7.0,89.97,645.87,1.0,0.0,1.0,0.0,0.0]",1.0
"[6.0,88.89,565.44,0.0,1.0,1.0,0.0,0.0]",1.0
"[43.0,33.73,1848.12,1.0,1.0,1.0,0.0,1.0]",0.0
"[54.0,37.94,2111.06,0.0,1.0,0.0,1.0,0.0]",1.0
"[69.0,40.23,3105.62,1.0,1.0,0.0,0.0,1.0]",0.0
"[32.0,37.05,1172.4,1.0,0.0,0.0,1.0,1.0]",0.0
"(8,[0,1,2,7],[12.0,62.67,652.38,1.0])",0.0
"(8,[0,1,2,6],[12.0,60.51,694.94,1.0])",1.0
"[65.0,24.63,1771.16,1.0,1.0,0.0,1.0,0.0]",1.0
"[64.0,41.87,3011.73,1.0,1.0,1.0,0.0,1.0]",0.0
"(8,[1,3,5,7],[70.5,1.0,1.0,1.0])",0.0
"(8,[0,1,6,7],[7.0,90.98,1.0,1.0])",0.0
"[51.0,52.95,2367.26,0.0,1.0,0.0,0.0,1.0]",0.0
"[63.0,71.99,4880.91,0.0,1.0,1.0,0.0,1.0]",0.0
"(8,[0,1,2,6],[33.0,80.5,2488.51,1.0])",1.0
"(8,[1,5],[82.02,1.0])",1.0
"[43.0,80.35,3502.31,1.0,1.0,0.0,0.0,1.0]",0.0
"[9.0,94.1,871.31,0.0,0.0,1.0,0.0,1.0]",0.0
"[30.0,61.68,1704.94,0.0,1.0,0.0,1.0,1.0]",0.0
"[42.0,26.41,929.54,0.0,1.0,1.0,0.0,1.0]",0.0
"[6.0,108.65,652.18,1.0,0.0,0.0,1.0,0.0]",1.0
"[10.0,70.06,764.54,1.0,1.0,1.0,0.0,0.0]",1.0
"(8,[0,1,4,7],[12.0,85.33,1.0,1.0])",0.0
"[12.0,80.36,1071.3,1.0,1.0,0.0,1.0,1.0]",0.0
"[1.0,80.17,75.32,1.0,1.0,1.0,0.0,0.0]",1.0
"[11.0,86.77,1018.55,0.0,1.0,0.0,1.0,0.0]",1.0
"(8,[0,1,2,6],[52.0,81.37,4040.2,1.0])",1.0
"[5.0,84.67,374.96,0.0,1.0,0.0,1.0,0.0]",1.0
"[8.0,86.54,734.76,1.0,0.0,1.0,0.0,0.0]",1.0
"[6.0,89.28,498.59,1.0,0.0,0.0,1.0,0.0]",1.0
"[3.0,98.25,270.03,0.0,1.0,0.0,0.0,1.0]",0.0
"[12.0,39.76,430.31,0.0,0.0,1.0,0.0,1.0]",0.0
"[70.0,24.65,1673.0,1.0,1.0,1.0,0.0,1.0]",0.0
"[52.0,59.52,2956.45,0.0,0.0,0.0,1.0,1.0]",0.0
"[47.0,31.39,1144.32,0.0,1.0,1.0,0.0,1.0]",0.0
"[9.0,98.44,913.62,0.0,0.0,1.0,0.0,1.0]",0.0
"[67.0,75.07,0.0,0.0,1.0,0.0,1.0,1.0]",0.0
"[2.0,63.74,108.51,0.0,1.0,1.0,0.0,1.0]",0.0
"[5.0,82.76,410.68,1.0,0.0,1.0,0.0,0.0]",1.0
"[26.0,25.94,802.34,1.0,1.0,0.0,1.0,0.0]",1.0
"[8.0,64.93,473.22,1.0,1.0,1.0,0.0,0.0]",1.0
"(8,[0,1,2,3],[7.0,71.23,546.49,1.0])",1.0
"[36.0,79.51,2552.82,1.0,0.0,0.0,1.0,0.0]",1.0
"(8,[0,1,6],[4.0,85.26,1.0])",1.0
"[57.0,83.55,5210.14,0.0,1.0,0.0,1.0,1.0]",0.0
"(8,[0,1,2,6],[63.0,32.61,1948.35,1.0])",1.0
"(8,[0,1,2,5],[1.0,76.78,71.45,1.0])",1.0
"[15.0,66.22,1046.39,0.0,1.0,1.0,0.0,1.0]",0.0
"(8,[1,3,5,7],[107.29,1.0,1.0,1.0])",0.0
"[7.0,88.77,669.73,1.0,1.0,0.0,1.0,1.0]",0.0
"[8.0,100.85,848.15,0.0,0.0,0.0,1.0,1.0]",0.0
"[15.0,22.94,352.51,1.0,0.0,0.0,0.0,1.0]",0.0
"[49.0,98.42,4410.15,0.0,1.0,1.0,0.0,1.0]",0.0
"[30.0,81.62,2373.82,1.0,0.0,1.0,0.0,1.0]",0.0
"[54.0,33.55,1580.51,0.0,0.0,1.0,0.0,1.0]",0.0
"[5.0,78.81,404.03,1.0,1.0,1.0,0.0,0.0]",1.0
"(8,[0,1,2,7],[32.0,76.81,2671.18,1.0])",0.0
"[27.0,61.61,1736.39,0.0,1.0,1.0,0.0,1.0]",0.0
"[72.0,26.8,2466.81,0.0,0.0,1.0,0.0,1.0]",0.0
"[71.0,35.69,2605.21,1.0,1.0,0.0,0.0,1.0]",0.0
"[21.0,80.22,1479.16,0.0,1.0,1.0,0.0,1.0]",0.0
"[72.0,85.02,6678.71,0.0,0.0,1.0,0.0,1.0]",0.0
"[35.0,93.97,3374.09,1.0,1.0,1.0,0.0,1.0]",0.0
"[67.0,93.96,6958.49,0.0,0.0,0.0,1.0,1.0]",0.0
"[5.0,67.31,297.83,1.0,1.0,0.0,0.0,1.0]",0.0
"[21.0,34.74,564.12,1.0,1.0,0.0,1.0,1.0]",0.0
"[14.0,72.75,1004.98,0.0,1.0,0.0,1.0,0.0]",1.0
"[7.0,108.89,772.11,1.0,0.0,1.0,0.0,0.0]",1.0
"[60.0,33.79,1508.62,1.0,0.0,1.0,0.0,1.0]",0.0
"(8,[0,1,2,6],[54.0,95.2,4767.75,1.0])",1.0
"(8,[0,1,2],[6.0,109.63,675.42])",1.0
"[34.0,84.22,2600.63,0.0,0.0,1.0,0.0,1.0]",0.0
"[4.0,69.48,250.74,0.0,0.0,1.0,0.0,1.0]",0.0
"[30.0,66.14,1832.13,1.0,0.0,0.0,1.0,1.0]",0.0
"(8,[0,1,2,5],[3.0,102.96,331.61,1.0])",1.0
"[53.0,80.62,4693.26,0.0,1.0,0.0,0.0,1.0]",0.0
"[5.0,96.36,501.17,0.0,1.0,0.0,1.0,1.0]",0.0
"[12.0,48.87,637.59,1.0,0.0,0.0,1.0,1.0]",0.0
"[18.0,46.41,853.89,1.0,0.0,0.0,0.0,1.0]",0.0
"[4.0,106.86,424.39,1.0,0.0,0.0,0.0,1.0]",0.0
"[8.0,69.03,514.97,0.0,1.0,1.0,0.0,1.0]",0.0
"[62.0,57.24,4091.9,1.0,1.0,0.0,1.0,1.0]",0.0
"[15.0,76.86,1013.89,1.0,1.0,0.0,0.0,1.0]",0.0
"[4.0,64.69,0.0,1.0,1.0,1.0,0.0,1.0]",0.0
"[61.0,40.29,2860.27,1.0,1.0,0.0,1.0,1.0]",0.0
"[60.0,59.43,3064.81,0.0,1.0,0.0,1.0,0.0]",1.0
"[10.0,109.85,1003.29,0.0,1.0,0.0,1.0,0.0]",1.0
"[10.0,78.7,695.66,0.0,1.0,0.0,1.0,0.0]",1.0
"(8,[0,1,2,6],[24.0,81.08,2168.37,1.0])",1.0
"[3.0,98.29,324.04,1.0,1.0,1.0,0.0,1.0]",0.0
"[42.0,28.78,951.53,1.0,1.0,0.0,1.0,1.0]",0.0
"[14.0,55.25,699.28,1.0,0.0,1.0,0.0,1.0]",0.0
"[6.0,107.9,661.23,1.0,0.0,1.0,0.0,1.0]",0.0
"[7.0,64.34,465.94,0.0,1.0,0.0,1.0,1.0]",0.0
"[6.0,80.21,518.49,0.0,0.0,1.0,0.0,1.0]",0.0
"[42.0,98.79,4290.6,1.0,0.0,0.0,1.0,0.0]",1.0
"[1.0,75.25,67.71,1.0,0.0,0.0,1.0,0.0]",1.0
"[6.0,100.55,570.22,1.0,1.0,0.0,1.0,0.0]",1.0
"[5.0,82.42,412.67,1.0,1.0,0.0,0.0,1.0]",0.0
"[64.0,70.09,4153.15,1.0,1.0,0.0,1.0,1.0]",0.0
"[49.0,85.11,4058.93,1.0,0.0,0.0,1.0,1.0]",0.0
"[51.0,45.3,2257.97,0.0,0.0,1.0,0.0,1.0]",0.0
"[30.0,27.56,798.62,0.0,0.0,1.0,0.0,1.0]",0.0
"[22.0,43.36,872.08,0.0,1.0,1.0,0.0,1.0]",0.0
"[6.0,107.29,679.32,0.0,0.0,0.0,1.0,1.0]",0.0
